<?xml version="1.0" encoding="UTF-8"?>
<LightningComponentBundle xmlns="http://soap.sforce.com/2006/04/metadata">
    <apiVersion>52.0</apiVersion>
    <isExposed>true</isExposed>
    <targets>
        <target>lightning__AppPage</target>
        <target>lightning__FlowScreen</target>
    </targets>
    <targetConfigs>
        <targetConfig targets="lightning__FlowScreen">
            <property name="currentStep" label="Current Step" type='String' role='inputOnly' />
            <property name="steps" label="Steps" type='String[]' role='inputOnly' />            
        </targetConfig>
    </targetConfigs>
</LightningComponentBundle>