<?xml version="1.0" encoding="UTF-8"?>
<LightningComponentBundle xmlns="http://soap.sforce.com/2006/04/metadata">
    <apiVersion>52.0</apiVersion>
    <isExposed>true</isExposed>
    <targets>
        <target>lightning__AppPage</target>
        <target>lightning__FlowScreen</target>
    </targets>
    <targetConfigs>
        <targetConfig targets="lightning__FlowScreen">
            <property name="accountType" label="Account Type" type='String' />
            <property name="routingNumber" label="Routing Number" type='String' />
            <property name="accountNumber" label="Account Number" type='String' />
            <property name="confirmAccountNumber" label="Confirm Account Number" type='String' />
        </targetConfig>
    </targetConfigs>
</LightningComponentBundle>